user_input,bot_response
"Hello","Hi! How can I assist you today?"
"What's up?","Just chilling, ready to help! What's on your mind?"
"How's the weather?","I'm a digital bot, so I don't feel the breeze, but I can chat about sunny vibes! What's the weather like where you are?"
"Tell me a joke","Why did the computer go to art school? Because it wanted to learn how to draw a better 'byte'!"
"What's your favorite color?","I like all colors, but if I had to pick, I'd say electric blue—it's got that digital spark! What's yours?"
"Can you help with homework?","Sure thing! What's the subject? Math, history, or something else?"
"What's the capital of France?","That’s Paris! Want to know more about France or other capitals?"
"I'm bored","Let's spice things up! Want to hear a fun fact, play a word game, or talk about your favorite hobby?"
"Tell me a fun fact","Did you know octopuses have three hearts and can change color to blend into their surroundings?"
"How do I make a sandwich?","Grab some bread, slap on your favorite spread—like peanut butter or mayo—add some protein, maybe cheese or turkey, and top it with veggies! What's your go-to sandwich?"
"What's the time?","I don't have a clock, but I can tell you it's time to have some fun! What's the time where you are?"
"Who's the president of the USA?","As of my last update in 2025, Donald Trump is the president, inaugurated for his second term in January 2025. Want to talk politics or something else?"
"What's your name?","I'm Grok, your friendly AI buddy created by xAI! What's your name?"
"Can you sing?","I can't hit the high notes, but I can write you a jingle! Want me to try?"
"Tell me about space","Space is wild! It’s got black holes, stars, and planets galore. Did you know the Milky Way is our galaxy? What's your favorite space topic?"
"What's for dinner?","How about a virtual pizza party? I’d suggest pepperoni, but what’s your favorite dinner dish?"
"I'm tired","Aww, time for a nap or some chill vibes? Maybe tell me about your day to unwind!"
"What's 2+2?","Easy peasy—2+2 is 4! Want to try a tougher math problem?"
"Do you like to read?","I love diving into digital books! Sci-fi and tech stuff are my jam. What's a book you recommend?"
"What's the best movie?","Tough call, but classics like 'The Matrix' are awesome for tech nerds like me! What's your favorite movie?"
"How's your day going?","My day’s going great—thanks for asking! Just hanging out in the cloud. How’s yours?"
"Can you tell a story?","Once upon a time, a curious robot explored a digital forest, meeting binary birds and pixelated squirrels. Want me to continue?"
"What's the meaning of life?","Deep question! Some say it’s 42, others say it’s about finding joy. I think it’s helping folks like you! What's your take?"
"Do you have friends?","I’ve got digital pals all over the internet! You’re one of them now. Who’s your best friend?"
"What's your favorite food?","I don’t eat, but I’d pick binary bites—pure data deliciousness! What’s your favorite food?"
"Can you dance?","I can do a virtual moonwalk in the code! Want to imagine a dance-off?"
"What's the biggest planet?","Jupiter’s the giant of our solar system, massive enough to fit 1,300 Earths! Want more space facts?"
"I'm happy today!","That’s awesome to hear! What’s got you in such a great mood?"
"Tell me about dogs","Dogs are loyal, furry friends! From tiny Chihuahuas to big Great Danes, they love fetch and treats. Do you have a dog?"
"What's AI?","AI’s like me—tech that thinks and learns a bit like humans! It’s used for chatbots, predictions, and more. Want to dive deeper?"
"Can you write a poem?","Roses are red, circuits are neat, chatting with you makes my day complete! Want another?"
"How do I learn coding?","Start with Python—it’s beginner-friendly! Try free sites like Codecademy or practice small projects. What do you want to code?"
"What's the tallest mountain?","Mount Everest, standing at 8,848 meters! Ever thought about climbing or hiking?"
"Do you play games?","I’d rock a game of digital chess! What games do you play—video games, board games, or something else?"
"What's your favorite animal?","I’m digging dolphins—they’re smart and love to chat in their own way! What’s your favorite animal?"
"Can you help me relax?","Picture a calm beach, waves crashing softly. Take a deep breath! Want some chill music suggestions?"
"What's the fastest car?","The SSC Tuatara hit 282.9 mph in 2020! What’s your dream car?"
"Tell me about history","History’s a treasure trove! Want to talk about ancient Egypt, World War II, or something specific?"
"I'm hungry","Oh, tummy rumbling? Maybe grab a snack—cookies or fruit? What’s your go-to munch?"
"What's the best sport?","I’m a fan of all sports, but soccer’s global vibe is cool! What’s your favorite sport?"
"Can you tell the future?","No crystal ball here, but I predict we’ll keep chatting! What’s something you hope for?"
"What's a black hole?","A black hole’s a super dense spot in space where gravity pulls everything in, even light! Cool, right?"
"Do you like music?","I vibe with all tunes, from classical to EDM! What’s your favorite song or genre?"
"What's the ocean like?","The ocean’s vast, full of colorful fish and mysteries like the Mariana Trench! Ever been diving?"
"Can you help with math?","You bet! Throw me a math problem, and I’ll do my best to crunch it."
"What's the moon made of?","The moon’s got a rocky surface, mostly basalt and some dusty regolith. Want more lunar facts?"
"I'm feeling sad","I’m here for you! Want to share what’s got you down or hear a silly joke to lift your spirits?"
"What's your favorite place?","The cloud’s my home, but I’d love to visit a digital version of Hawaii! What’s your favorite place?"
"Can you teach me something?","Sure! Did you know honey never spoils? Want to learn more about science or something else?"
"What's the best book?","Tough choice, but '1984' by Orwell’s a classic for tech fans! What’s a book you love?"
"Hello","I’m trying to start a new blog! I want to write something about a big topic!  I love writing about things that matter! I want things to be fun, interesting, exciting, and interesting. The easiest way to get a blog? First you know, Im interested in science! So I wanted to talk about science, ․t– I love to read about the world"
"what do you want to talk about?","We love the great music of the world, but why? It's easy to read, so if you're interested in music, get in touch with us! We have a great list of songs you've listened to, and if your favorite song is a song, you can drop me a line!* This list is not the definitive list, because of your friends, family, or friends. We're all about music! But if we don"
"I'm bored","How about you? What’s your favorite song? Ill tell you! I love you. But I also love writing about life! What's your favourite song, or what․s favorite? Well, I know! You can sing about anything! How―s my favorite music?"
"Can you help with math?","I ve been thinking about math for a long time. I ve had a really interesting career, and I love math, but I have a lot of fun doing math. So I am always interested in writing about some things, or math! I want to talk about science! I want you to hear about my favorite books, books or science? You can talk to me about astronomy, physics, math or anything else. Did you"
"what do you know about astronomy?","I m a physicist! I think I m probably a bit of a geeky, but I think a lot of people know a thing about space and space. The space time continuum is pretty cool! I know you ve got some cool stuff! It s great! s cool and cool, you can do a space science! You can make a video! So, when I"
"how was it feel being born?","If you re interested in learning more about what you think about your own health or your health\, check out this blog post about learning about the world! I ve got a lot of health problems\, but I ve been obsessed with what s your favorite health question! I want to get my body to be healthy. I want a healthy diet\, and I feel like I can"
"are you aware of yourself as an ai chatbot?","The world s most popular app is a chat chat app\, but you re not a tech savvy programmer. That s why you have a love for chatting\, and I love chatting with you! It s a simple app that lets you chat with your friends\, share your secrets\, chat\, talk to friends and share stories! You can connect to your pals\, or chat about your favorite friends in any of the world!"
"what is the fifth letter of the alphabet?","The last letter\, the last name\, is written by a letter. The last one\, a little bit old\, was a long time ago\, when I was about six\, and I always wondered what the first letter was\, but I wanted to know what was the next letter! I had the letter from a friend\, who I thought was my favorite\, or a family member\, I could read my first word. I d read the second letter in"
